state,district,year,population,urban_pop_pct,literacy_rate,agri_workers_pct,forest_cover_sqkm,crop_intensity_pct,avg_landholding_ha,industrial_units
Telangana,Hyderabad,2026,4200000,100.0,83.2,0.4,45.2,110.0,0.05,3450
Telangana,Rangareddy,2026,2600000,58.4,71.9,24.5,380.0,142.5,1.25,1850
Telangana,Medchal,2026,1750000,62.1,74.5,18.2,210.0,135.0,1.10,1420
Telangana,Sangareddy,2026,1600000,36.8,64.1,48.6,490.0,155.0,1.65,890
Telangana,Warangal,2026,1250000,32.5,67.2,54.2,620.0,168.0,1.80,540
Telangana,Nalgonda,2026,1650000,22.8,63.8,62.4,410.0,175.0,2.10,410
Andhra Pradesh,Visakhapatnam,2026,2350000,47.5,66.9,38.2,1120.0,138.0,1.45,1150
Andhra Pradesh,Krishna,2026,2100000,38.2,73.7,51.5,310.0,185.0,1.55,680
Andhra Pradesh,Guntur,2026,2450000,35.4,67.4,56.8,480.0,178.0,1.70,720
